File Name,Model Name,Frame,Dust Pixel Ratio,PM1,PM2.5,PM4,PM10,PM30
MVI_9332.MP4,DeepLabV3-MobileNet-V3-Large,0,0.0010991882026931386,0,0,0,0,0
MVI_9332.MP4,DeepLabV3-MobileNet-V3-Large,1,0.0012409159062821188,0,0,0,0,0
MVI_9332.MP4,DeepLabV3-MobileNet-V3-Large,2,0.001331418752670288,0,0,0,0,0
MVI_9332.MP4,DeepLabV3-MobileNet-V3-Large,3,0.0014406695594022304,0,0,0,0,0
MVI_9332.MP4,DeepLabV3-MobileNet-V3-Large,4,0.0017588849420900699,0,0,0,0,0
MVI_9332.MP4,DeepLabV3-MobileNet-V3-Large,5,0.0019073718123965792,0,0,0,0,0
MVI_9332.MP4,DeepLabV3-MobileNet-V3-Large,6,0.002021630394816188,0,0,0,0,0
MVI_9332.MP4,DeepLabV3-MobileNet-V3-Large,7,0.002129789303850245,0,0,0,0,0
MVI_9332.MP4,DeepLabV3-MobileNet-V3-Large,8,0.0022860711494100436,0,0,0,0,0
MVI_9332.MP4,DeepLabV3-MobileNet-V3-Large,9,0.0024050115067281845,0,0,0,0,0
MVI_9332.MP4,DeepLabV3-MobileNet-V3-Large,10,0.0024824030070192482,0,0,0,0,0
MVI_9332.MP4,DeepLabV3-MobileNet-V3-Large,11,0.002472103132632534,0,0,0,0,0
MVI_9332.MP4,DeepLabV3-MobileNet-V3-Large,12,0.002412102727355667,0,0,0,0,0
MVI_9332.MP4,DeepLabV3-MobileNet-V3-Large,13,0.0024350063720918417,0,0,0,0,0
MVI_9332.MP4,DeepLabV3-MobileNet-V3-Large,14,0.0024462754834336017,0,0,0,0,0
MVI_9332.MP4,DeepLabV3-MobileNet-V3-Large,15,0.0024646741372567637,0,0,0,0,0
MVI_9332.MP4,DeepLabV3-MobileNet-V3-Large,16,0.002463599089357242,0,0,0,0,0
MVI_9332.MP4,DeepLabV3-MobileNet-V3-Large,17,0.0024834913808458956,0,0,0,0,0
MVI_9332.MP4,DeepLabV3-MobileNet-V3-Large,18,0.002592386248206225,0,0,0,0,0
MVI_9332.MP4,DeepLabV3-MobileNet-V3-Large,19,0.002661391246465989,0,0,0,0,0
MVI_9332.MP4,DeepLabV3-MobileNet-V3-Large,20,0.0028068474080547175,0,0,0,0,0
MVI_9332.MP4,DeepLabV3-MobileNet-V3-Large,21,0.002973114199911304,0,0,0,0,0
MVI_9332.MP4,DeepLabV3-MobileNet-V3-Large,22,0.0029604561662904304,0,0,0,0,0
MVI_9332.MP4,DeepLabV3-MobileNet-V3-Large,23,0.0029319819108939464,0,0,0,0,0
MVI_9332.MP4,DeepLabV3-MobileNet-V3-Large,24,0.0029356184123474874,0,0,0,0,0
MVI_9332.MP4,DeepLabV3-MobileNet-V3-Large,25,0.002970955650351326,0,0,0,0,0
MVI_9332.MP4,DeepLabV3-MobileNet-V3-Large,26,0.0029944414191993883,0,0,0,0,0
MVI_9332.MP4,DeepLabV3-MobileNet-V3-Large,27,0.0029880775555942004,0,0,0,0,0
MVI_9332.MP4,DeepLabV3-MobileNet-V3-Large,28,0.0029801110502708306,0,0,0,0,0
MVI_9332.MP4,DeepLabV3-MobileNet-V3-Large,29,0.0030110559345763407,0,0,0,0,0
MVI_9332.MP4,DeepLabV3-MobileNet-V3-Large,30,0.0030110559345763407,0,0,0,0,0
MVI_9332.MP4,DeepLabV3-MobileNet-V3-Large,31,0.003053319601365077,0,0,0,0,0
MVI_9332.MP4,DeepLabV3-MobileNet-V3-Large,32,0.0031365910675300005,0,0,0,0,0
MVI_9332.MP4,DeepLabV3-MobileNet-V3-Large,33,0.003211456071202157,0,0,0,0,0
MVI_9332.MP4,DeepLabV3-MobileNet-V3-Large,34,0.003206746175946522,0,0,0,0,0
MVI_9332.MP4,DeepLabV3-MobileNet-V3-Large,35,0.003164220346835415,0,0,0,0,0
MVI_9332.MP4,DeepLabV3-MobileNet-V3-Large,36,0.0031543468742213617,0,0,0,0,0
MVI_9332.MP4,DeepLabV3-MobileNet-V3-Large,37,0.0032034632600383994,0,0,0,0,0
MVI_9332.MP4,DeepLabV3-MobileNet-V3-Large,38,0.0032219182316658426,0,0,0,0,0
MVI_9332.MP4,DeepLabV3-MobileNet-V3-Large,39,0.0032130794760621625,0,0,0,0,0
MVI_9332.MP4,DeepLabV3-MobileNet-V3-Large,40,0.0032205921141699023,0,0,0,0,0
MVI_9332.MP4,DeepLabV3-MobileNet-V3-Large,41,0.0033232166933915256,0,0,0,0,0
MVI_9332.MP4,DeepLabV3-MobileNet-V3-Large,42,0.003458826826433095,0,0,0,0,0
MVI_9332.MP4,DeepLabV3-MobileNet-V3-Large,43,0.0036331565291793265,0,0,0,0,0
MVI_9332.MP4,DeepLabV3-MobileNet-V3-Large,44,0.0037047978781868897,0,0,0,0,0
MVI_9332.MP4,DeepLabV3-MobileNet-V3-Large,45,0.003834810767154144,0,0,0,0,0
MVI_9332.MP4,DeepLabV3-MobileNet-V3-Large,46,0.0038770526524924452,0,0,0,0,0
MVI_9332.MP4,DeepLabV3-MobileNet-V3-Large,47,0.003893258051617155,0,0,0,0,0
MVI_9332.MP4,DeepLabV3-MobileNet-V3-Large,48,0.0038812225247606817,0,0,0,0,0
MVI_9332.MP4,DeepLabV3-MobileNet-V3-Large,49,0.0038294054353188098,0,0,0,0,0
MVI_9332.MP4,DeepLabV3-MobileNet-V3-Large,50,0.0037904656963583866,0,0,0,0,0
MVI_9332.MP4,DeepLabV3-MobileNet-V3-Large,51,0.0037020946235813723,0,0,0,0,0
MVI_9332.MP4,DeepLabV3-MobileNet-V3-Large,52,0.003587196098924174,0,0,0,0,0
MVI_9332.MP4,DeepLabV3-MobileNet-V3-Large,53,0.003588907610732342,0,0,0,0,0
MVI_9332.MP4,DeepLabV3-MobileNet-V3-Large,54,0.0036217045882111225,0,0,0,0,0
MVI_9332.MP4,DeepLabV3-MobileNet-V3-Large,55,0.0036031314865551858,0,0,0,0,0
MVI_9332.MP4,DeepLabV3-MobileNet-V3-Large,56,0.003555411664546763,0,0,0,0,0
MVI_9332.MP4,DeepLabV3-MobileNet-V3-Large,57,0.0035029324975033352,0,0,0,0,0
MVI_9332.MP4,DeepLabV3-MobileNet-V3-Large,58,0.0034875383102354195,0,0,0,0,0
MVI_9332.MP4,DeepLabV3-MobileNet-V3-Large,59,0.003510660399134758,0,0,0,0,0
MVI_9332.MP4,DeepLabV3-MobileNet-V3-Large,60,0.0034852078912680044,0,0,0,0,0
MVI_9332.MP4,DeepLabV3-MobileNet-V3-Large,61,0.0035089339739010654,0,0,0,0,0
MVI_9332.MP4,DeepLabV3-MobileNet-V3-Large,62,0.0034788139563038515,0,0,0,0,0
MVI_9332.MP4,DeepLabV3-MobileNet-V3-Large,63,0.0034367612359945668,0,0,0,0,0
MVI_9332.MP4,DeepLabV3-MobileNet-V3-Large,64,0.003490897363105429,0,0,0,0,0
MVI_9332.MP4,DeepLabV3-MobileNet-V3-Large,65,0.0035546844388231824,0,0,0,0,0
MVI_9332.MP4,DeepLabV3-MobileNet-V3-Large,66,0.0035835101280683357,0,0,0,0,0
MVI_9332.MP4,DeepLabV3-MobileNet-V3-Large,67,0.003538265542238337,0,0,0,0,0
MVI_9332.MP4,DeepLabV3-MobileNet-V3-Large,68,0.00349714883560997,0,0,0,0,0
MVI_9332.MP4,DeepLabV3-MobileNet-V3-Large,69,0.0034789615207248266,0,0,0,0,0
MVI_9332.MP4,DeepLabV3-MobileNet-V3-Large,70,0.0034344669232152614,0,0,0,0,0
MVI_9332.MP4,DeepLabV3-MobileNet-V3-Large,71,0.0033274081508809154,0,0,0,0,0
MVI_9332.MP4,DeepLabV3-MobileNet-V3-Large,72,0.0032040077962993104,0,0,0,0,0
MVI_9332.MP4,DeepLabV3-MobileNet-V3-Large,73,0.003043974181752146,0,0,0,0,0
MVI_9332.MP4,DeepLabV3-MobileNet-V3-Large,74,0.00294385976752136,0,0,0,0,0
MVI_9332.MP4,DeepLabV3-MobileNet-V3-Large,75,0.002783197434350787,0,0,0,0,0
MVI_9332.MP4,DeepLabV3-MobileNet-V3-Large,76,0.002726888460386928,0,0,0,0,0
MVI_9332.MP4,DeepLabV3-MobileNet-V3-Large,77,0.0027122499520886583,0,0,0,0,0
MVI_9332.MP4,DeepLabV3-MobileNet-V3-Large,78,0.002734426215842918,0,0,0,0,0
MVI_9332.MP4,DeepLabV3-MobileNet-V3-Large,79,0.0026978010012779705,0,0,0,0,0
MVI_9332.MP4,DeepLabV3-MobileNet-V3-Large,80,0.002665071722901898,0,0,0,0,0
MVI_9332.MP4,DeepLabV3-MobileNet-V3-Large,81,0.0026523321253772623,0,0,0,0,0
MVI_9332.MP4,DeepLabV3-MobileNet-V3-Large,82,0.0026100874928289973,0,0,0,0,0
MVI_9332.MP4,DeepLabV3-MobileNet-V3-Large,83,0.002576127660617907,0,0,0,0,0
MVI_9332.MP4,DeepLabV3-MobileNet-V3-Large,84,0.002543387000943408,0,0,0,0,0
MVI_9332.MP4,DeepLabV3-MobileNet-V3-Large,85,0.002533632835733547,0,0,0,0,0
MVI_9332.MP4,DeepLabV3-MobileNet-V3-Large,86,0.0025455820217054077,0,0,0,0,0
MVI_9332.MP4,DeepLabV3-MobileNet-V3-Large,87,0.0025497134330341354,0,0,0,0,0
MVI_9332.MP4,DeepLabV3-MobileNet-V3-Large,88,0.0025771562945204997,0,0,0,0,0
MVI_9332.MP4,DeepLabV3-MobileNet-V3-Large,89,0.0025952896463527597,0,0,0,0,0
MVI_9332.MP4,DeepLabV3-MobileNet-V3-Large,90,0.002614933178748614,0,0,0,0,0
MVI_9332.MP4,DeepLabV3-MobileNet-V3-Large,91,0.002590913537107868,0,0,0,0,0
MVI_9332.MP4,DeepLabV3-MobileNet-V3-Large,92,0.0025573130007143373,0,0,0,0,0
MVI_9332.MP4,DeepLabV3-MobileNet-V3-Large,93,0.0025584299377943752,0,0,0,0,0
MVI_9332.MP4,DeepLabV3-MobileNet-V3-Large,94,0.002518857163166313,0,0,0,0,0
MVI_9332.MP4,DeepLabV3-MobileNet-V3-Large,95,0.0024919243015870144,0,0,0,0,0
MVI_9332.MP4,DeepLabV3-MobileNet-V3-Large,96,0.0024834935066631297,0,0,0,0,0
MVI_9332.MP4,DeepLabV3-MobileNet-V3-Large,97,0.0025425410565034843,0,0,0,0,0
MVI_9332.MP4,DeepLabV3-MobileNet-V3-Large,98,0.0025609514840836387,0,0,0,0,0
MVI_9332.MP4,DeepLabV3-MobileNet-V3-Large,99,0.0025812231464150508,0,0,0,0,0
MVI_9332.MP4,DeepLabV3-MobileNet-V3-Large,100,0.002685717790705677,0,0,0,0,0
MVI_9332.MP4,DeepLabV3-MobileNet-V3-Large,101,0.0027113704524413056,0,0,0,0,0
MVI_9332.MP4,DeepLabV3-MobileNet-V3-Large,102,0.0027376853880077723,0,0,0,0,0
MVI_9332.MP4,DeepLabV3-MobileNet-V3-Large,103,0.0027423052140224126,0,0,0,0,0
MVI_9332.MP4,DeepLabV3-MobileNet-V3-Large,104,0.0027462207731396085,0,0,0,0,0
MVI_9332.MP4,DeepLabV3-MobileNet-V3-Large,105,0.0027987181895063737,0,0,0,0,0
MVI_9332.MP4,DeepLabV3-MobileNet-V3-Large,106,0.00277940157509635,0,0,0,0,0
MVI_9332.MP4,DeepLabV3-MobileNet-V3-Large,107,0.002827840184969176,0,0,0,0,0
MVI_9332.MP4,DeepLabV3-MobileNet-V3-Large,108,0.0027915203031689054,0,0,0,0,0
MVI_9332.MP4,DeepLabV3-MobileNet-V3-Large,109,0.002791888036845643,0,0,0,0,0
MVI_9332.MP4,DeepLabV3-MobileNet-V3-Large,110,0.002815039363908179,0,0,0,0,0
MVI_9332.MP4,DeepLabV3-MobileNet-V3-Large,111,0.002778568974247685,0,0,0,0,0
MVI_9332.MP4,DeepLabV3-MobileNet-V3-Large,112,0.002800684799382716,0,0,0,0,0
MVI_9332.MP4,DeepLabV3-MobileNet-V3-Large,113,0.0028182710639733837,0,0,0,0,0
MVI_9332.MP4,DeepLabV3-MobileNet-V3-Large,114,0.0028327614191628286,0,0,0,0,0
MVI_9332.MP4,DeepLabV3-MobileNet-V3-Large,115,0.0029248790976441935,0,0,0,0,0
MVI_9332.MP4,DeepLabV3-MobileNet-V3-Large,116,0.0029200506799014997,0,0,0,0,0
MVI_9332.MP4,DeepLabV3-MobileNet-V3-Large,117,0.0029548947212627396,0,0,0,0,0
MVI_9332.MP4,DeepLabV3-MobileNet-V3-Large,118,0.00293953879870505,0,0,0,0,0
MVI_9332.MP4,DeepLabV3-MobileNet-V3-Large,119,0.0029321864799216942,0,0,0,0,0
MVI_9332.MP4,DeepLabV3-MobileNet-V3-Large,120,0.002880086035394865,0,0,0,0,0
MVI_9332.MP4,DeepLabV3-MobileNet-V3-Large,121,0.002978656125166779,0,0,0,0,0
MVI_9332.MP4,DeepLabV3-MobileNet-V3-Large,122,0.0030080883591263384,0,0,0,0,0
MVI_9332.MP4,DeepLabV3-MobileNet-V3-Large,123,0.003052900455616138,0,0,0,0,0
MVI_9332.MP4,DeepLabV3-MobileNet-V3-Large,124,0.0030753296589164578,0,0,0,0,0
MVI_9332.MP4,DeepLabV3-MobileNet-V3-Large,125,0.0030478862087422436,0,0,0,0,0
MVI_9332.MP4,DeepLabV3-MobileNet-V3-Large,126,0.003014832170902456,0,0,0,0,0
MVI_9332.MP4,DeepLabV3-MobileNet-V3-Large,127,0.002954874705875852,0,0,0,0,0
MVI_9332.MP4,DeepLabV3-MobileNet-V3-Large,128,0.0029446028878168805,0,0,0,0,0
MVI_9332.MP4,DeepLabV3-MobileNet-V3-Large,129,0.002887345537727262,0,0,0,0,0
MVI_9332.MP4,DeepLabV3-MobileNet-V3-Large,130,0.0027661818045156975,0,0,0,0,0
MVI_9332.MP4,DeepLabV3-MobileNet-V3-Large,131,0.0027218645982781554,0,0,0,0,0
MVI_9332.MP4,DeepLabV3-MobileNet-V3-Large,132,0.002669459017215933,0,0,0,0,0
MVI_9332.MP4,DeepLabV3-MobileNet-V3-Large,133,0.002701171631675689,0,0,0,0,0
MVI_9332.MP4,DeepLabV3-MobileNet-V3-Large,134,0.00276472696060997,0,0,0,0,0
MVI_9332.MP4,DeepLabV3-MobileNet-V3-Large,135,0.0027601962226899072,0,0,0,0,0
MVI_9332.MP4,DeepLabV3-MobileNet-V3-Large,136,0.0028507523085354773,0,0,0,0,0
MVI_9332.MP4,DeepLabV3-MobileNet-V3-Large,137,0.002842220847989306,0,0,0,0,0
MVI_9332.MP4,DeepLabV3-MobileNet-V3-Large,138,0.002923502156763901,0,0,0,0,0
MVI_9332.MP4,DeepLabV3-MobileNet-V3-Large,139,0.003015764848685559,0,0,0,0,0
MVI_9332.MP4,DeepLabV3-MobileNet-V3-Large,140,0.0030279342039131823,0,0,0,0,0
MVI_9332.MP4,DeepLabV3-MobileNet-V3-Large,141,0.003147575982804161,0,0,0,0,0
MVI_9332.MP4,DeepLabV3-MobileNet-V3-Large,142,0.003270148249810616,0,0,0,0,0
MVI_9332.MP4,DeepLabV3-MobileNet-V3-Large,143,0.0033623401029610344,0,0,0,0,0
MVI_9332.MP4,DeepLabV3-MobileNet-V3-Large,144,0.003441081027435177,0,0,0,0,0
MVI_9332.MP4,DeepLabV3-MobileNet-V3-Large,145,0.0034582648257659786,0,0,0,0,0
MVI_9332.MP4,DeepLabV3-MobileNet-V3-Large,146,0.0034756071773576146,0,0,0,0,0
MVI_9332.MP4,DeepLabV3-MobileNet-V3-Large,147,0.0034972587240085684,0,0,0,0,0
MVI_9332.MP4,DeepLabV3-MobileNet-V3-Large,148,0.0035357483129933045,0,0,0,0,0
MVI_9332.MP4,DeepLabV3-MobileNet-V3-Large,149,0.0035149550732271172,0,0,0,0,0
MVI_9332.MP4,DeepLabV3-MobileNet-V3-Large,150,0.003533129044521002,0,0,0,0,0
MVI_9332.MP4,DeepLabV3-MobileNet-V3-Large,151,0.003438534756256229,0,0,0,0,0
MVI_9332.MP4,DeepLabV3-MobileNet-V3-Large,152,0.00348002626081553,0,0,0,0,0
MVI_9332.MP4,DeepLabV3-MobileNet-V3-Large,153,0.0034373283386230466,0,0,0,0,0
MVI_9332.MP4,DeepLabV3-MobileNet-V3-Large,154,0.0034484451199755257,0,0,0,0,0
MVI_9332.MP4,DeepLabV3-MobileNet-V3-Large,155,0.0035500695185406218,0,0,0,0,0
MVI_9332.MP4,DeepLabV3-MobileNet-V3-Large,156,0.0036577181561003006,0,0,0,0,0
MVI_9332.MP4,DeepLabV3-MobileNet-V3-Large,157,0.003949386690869743,0,0,0,0,0
MVI_9332.MP4,DeepLabV3-MobileNet-V3-Large,158,0.004134078477145222,0,0,0,0,0
MVI_9332.MP4,DeepLabV3-MobileNet-V3-Large,159,0.004372114801603089,0,0,0,0,0
MVI_9332.MP4,DeepLabV3-MobileNet-V3-Large,160,0.0044660387706364135,0,0,0,0,0
MVI_9332.MP4,DeepLabV3-MobileNet-V3-Large,161,0.004493410008434406,0,0,0,0,0
MVI_9332.MP4,DeepLabV3-MobileNet-V3-Large,162,0.004574087715933843,0,0,0,0,0
MVI_9332.MP4,DeepLabV3-MobileNet-V3-Large,163,0.004595052067634991,0,0,0,0,0
MVI_9332.MP4,DeepLabV3-MobileNet-V3-Large,164,0.004526390656522272,0,0,0,0,0
MVI_9332.MP4,DeepLabV3-MobileNet-V3-Large,165,0.004534532209482704,0,0,0,0,0
MVI_9332.MP4,DeepLabV3-MobileNet-V3-Large,166,0.004490493256368755,0,0,0,0,0
MVI_9332.MP4,DeepLabV3-MobileNet-V3-Large,167,0.0044475367039809996,0,0,0,0,0
MVI_9332.MP4,DeepLabV3-MobileNet-V3-Large,168,0.004376693615697539,0,0,0,0,0
MVI_9332.MP4,DeepLabV3-MobileNet-V3-Large,169,0.0042631647714371545,0,0,0,0,0
MVI_9332.MP4,DeepLabV3-MobileNet-V3-Large,170,0.00421673731548796,0,0,0,0,0
MVI_9332.MP4,DeepLabV3-MobileNet-V3-Large,171,0.004149852171846869,0,0,0,0,0
MVI_9332.MP4,DeepLabV3-MobileNet-V3-Large,172,0.004089248327561367,0,0,0,0,0
MVI_9332.MP4,DeepLabV3-MobileNet-V3-Large,173,0.004044322810545871,0,0,0,0,0
MVI_9332.MP4,DeepLabV3-MobileNet-V3-Large,174,0.004033016864164376,0,0,0,0,0
MVI_9332.MP4,DeepLabV3-MobileNet-V3-Large,175,0.0039758132808983574,0,0,0,0,0
MVI_9332.MP4,DeepLabV3-MobileNet-V3-Large,176,0.004043032406779473,0,0,0,0,0
MVI_9332.MP4,DeepLabV3-MobileNet-V3-Large,177,0.004071514302320441,0,0,0,0,0
MVI_9332.MP4,DeepLabV3-MobileNet-V3-Large,178,0.004032332023965969,0,0,0,0,0
MVI_9332.MP4,DeepLabV3-MobileNet-V3-Large,179,0.00402813389468095,0,0,0,0,0
MVI_9332.MP4,DeepLabV3-MobileNet-V3-Large,180,0.0040150128274297515,0,0,0,0,0
MVI_9332.MP4,DeepLabV3-MobileNet-V3-Large,181,0.004002789312919962,0,0,0,0,0
MVI_9332.MP4,DeepLabV3-MobileNet-V3-Large,182,0.0039364901099185395,0,0,0,0,0
MVI_9332.MP4,DeepLabV3-MobileNet-V3-Large,183,0.003935164777339731,0,0,0,0,0
MVI_9332.MP4,DeepLabV3-MobileNet-V3-Large,184,0.003916552429827152,0,0,0,0,0
MVI_9332.MP4,DeepLabV3-MobileNet-V3-Large,185,0.0038272045276783132,0,0,0,0,0
MVI_9332.MP4,DeepLabV3-MobileNet-V3-Large,186,0.003769205823356723,0,0,0,0,0
MVI_9332.MP4,DeepLabV3-MobileNet-V3-Large,187,0.003468618667665333,0,0,0,0,0
MVI_9332.MP4,DeepLabV3-MobileNet-V3-Large,188,0.003284817762335632,0,0,0,0,0
MVI_9332.MP4,DeepLabV3-MobileNet-V3-Large,189,0.003084299495681323,0,0,0,0,0
MVI_9332.MP4,DeepLabV3-MobileNet-V3-Large,190,0.0030045528961307223,0,0,0,0,0
MVI_9332.MP4,DeepLabV3-MobileNet-V3-Large,191,0.00298121966452265,0,0,0,0,0
MVI_9332.MP4,DeepLabV3-MobileNet-V3-Large,192,0.0029527830979461044,0,0,0,0,0
MVI_9332.MP4,DeepLabV3-MobileNet-V3-Large,193,0.002891249715546031,0,0,0,0,0
MVI_9332.MP4,DeepLabV3-MobileNet-V3-Large,194,0.002895859141408661,0,0,0,0,0
MVI_9332.MP4,DeepLabV3-MobileNet-V3-Large,195,0.0028697920434268905,0,0,0,0,0
MVI_9332.MP4,DeepLabV3-MobileNet-V3-Large,196,0.002882848747473195,0,0,0,0,0
MVI_9332.MP4,DeepLabV3-MobileNet-V3-Large,197,0.002921453915505743,0,0,0,0,0
MVI_9332.MP4,DeepLabV3-MobileNet-V3-Large,198,0.002987874584433473,0,0,0,0,0
MVI_9332.MP4,DeepLabV3-MobileNet-V3-Large,199,0.0031301155011840315,0,0,0,0,0
MVI_9332.MP4,DeepLabV3-MobileNet-V3-Large,200,0.0034463085755399225,0,0,0,0,0
MVI_9332.MP4,DeepLabV3-MobileNet-V3-Large,201,0.003614482958130385,0,0,0,0,0
MVI_9332.MP4,DeepLabV3-MobileNet-V3-Large,202,0.0036905661531927165,0,0,0,0,0
MVI_9332.MP4,DeepLabV3-MobileNet-V3-Large,203,0.003847648086861819,0,0,0,0,0
MVI_9332.MP4,DeepLabV3-MobileNet-V3-Large,204,0.003890135651262699,0,0,0,0,0
MVI_9332.MP4,DeepLabV3-MobileNet-V3-Large,205,0.003824708883654433,0,0,0,0,0
MVI_9332.MP4,DeepLabV3-MobileNet-V3-Large,206,0.0037044952926321775,0,0,0,0,0
MVI_9332.MP4,DeepLabV3-MobileNet-V3-Large,207,0.0035869209854691116,0,0,0,0,0
MVI_9332.MP4,DeepLabV3-MobileNet-V3-Large,208,0.003547372543272167,0,0,0,0,0
MVI_9332.MP4,DeepLabV3-MobileNet-V3-Large,209,0.0035128879939577713,0,0,0,0,0
MVI_9332.MP4,DeepLabV3-MobileNet-V3-Large,210,0.0034875284987712597,0,0,0,0,0
MVI_9332.MP4,DeepLabV3-MobileNet-V3-Large,211,0.0034648239857865953,0,0,0,0,0
MVI_9332.MP4,DeepLabV3-MobileNet-V3-Large,212,0.0034478733078442485,0,0,0,0,0
MVI_9332.MP4,DeepLabV3-MobileNet-V3-Large,213,0.0033966241059479887,0,0,0,0,0
MVI_9332.MP4,DeepLabV3-MobileNet-V3-Large,214,0.0033698030950601206,0,0,0,0,0
MVI_9332.MP4,DeepLabV3-MobileNet-V3-Large,215,0.003349536142231506,0,0,0,0,0
MVI_9332.MP4,DeepLabV3-MobileNet-V3-Large,216,0.0033508143797823433,0,0,0,0,0
MVI_9332.MP4,DeepLabV3-MobileNet-V3-Large,217,0.003449737093576188,0,0,0,0,0
MVI_9332.MP4,DeepLabV3-MobileNet-V3-Large,218,0.0034984333524978703,0,0,0,0,0
MVI_9332.MP4,DeepLabV3-MobileNet-V3-Large,219,0.0036189424648206425,0,0,0,0,0
MVI_9332.MP4,DeepLabV3-MobileNet-V3-Large,220,0.003707079632292069,0,0,0,0,0
MVI_9332.MP4,DeepLabV3-MobileNet-V3-Large,221,0.0037356910391599554,0,0,0,0,0
MVI_9332.MP4,DeepLabV3-MobileNet-V3-Large,222,0.003760895120754163,0,0,0,0,0
MVI_9332.MP4,DeepLabV3-MobileNet-V3-Large,223,0.003787941402859158,0,0,0,0,0
MVI_9332.MP4,DeepLabV3-MobileNet-V3-Large,224,0.0038189770262918353,0,0,0,0,0
MVI_9332.MP4,DeepLabV3-MobileNet-V3-Large,225,0.003812059159141509,0,0,0,0,0
MVI_9332.MP4,DeepLabV3-MobileNet-V3-Large,226,0.00380311659824701,0,0,0,0,0
MVI_9332.MP4,DeepLabV3-MobileNet-V3-Large,227,0.0037758721245659725,0,0,0,0,0
MVI_9332.MP4,DeepLabV3-MobileNet-V3-Large,228,0.003732532140158822,0,0,0,0,0
MVI_9332.MP4,DeepLabV3-MobileNet-V3-Large,229,0.003673303470690064,0,0,0,0,0
MVI_9332.MP4,DeepLabV3-MobileNet-V3-Large,230,0.0033949518399964632,0,0,0,0,0
MVI_9332.MP4,DeepLabV3-MobileNet-V3-Large,231,0.0031965057545728644,0,0,0,0,0
MVI_9332.MP4,DeepLabV3-MobileNet-V3-Large,232,0.003046907809536153,0,0,0,0,0
MVI_9332.MP4,DeepLabV3-MobileNet-V3-Large,233,0.0028561103491135586,0,0,0,0,0
MVI_9332.MP4,DeepLabV3-MobileNet-V3-Large,234,0.002758911509572724,0,0,0,0,0
MVI_9332.MP4,DeepLabV3-MobileNet-V3-Large,235,0.0027728159241225004,0,0,0,0,0
MVI_9332.MP4,DeepLabV3-MobileNet-V3-Large,236,0.002801343933545022,0,0,0,0,0
MVI_9332.MP4,DeepLabV3-MobileNet-V3-Large,237,0.0028307373141065054,0,0,0,0,0
MVI_9332.MP4,DeepLabV3-MobileNet-V3-Large,238,0.002864945965048708,0,0,0,0,0
MVI_9332.MP4,DeepLabV3-MobileNet-V3-Large,239,0.0028968628541922864,0,0,0,0,0
MVI_9332.MP4,DeepLabV3-MobileNet-V3-Large,240,0.002908382690492481,0,0,0,0,0
MVI_9332.MP4,DeepLabV3-MobileNet-V3-Large,241,0.0029158778641940144,0,0,0,0,0
MVI_9332.MP4,DeepLabV3-MobileNet-V3-Large,242,0.002965183218810784,0,0,0,0,0
MVI_9332.MP4,DeepLabV3-MobileNet-V3-Large,243,0.0030090954078077783,0,0,0,0,0
MVI_9332.MP4,DeepLabV3-MobileNet-V3-Large,244,0.0030478059509654104,0,0,0,0,0
MVI_9332.MP4,DeepLabV3-MobileNet-V3-Large,245,0.003143860381326558,0,0,0,0,0
MVI_9332.MP4,DeepLabV3-MobileNet-V3-Large,246,0.0033016087096414447,0,0,0,0,0
MVI_9332.MP4,DeepLabV3-MobileNet-V3-Large,247,0.003257004616191848,0,0,0,0,0
MVI_9332.MP4,DeepLabV3-MobileNet-V3-Large,248,0.0032730200653704102,0,0,0,0,0
MVI_9332.MP4,DeepLabV3-MobileNet-V3-Large,249,0.003317535855642562,0,0,0,0,0
MVI_9332.MP4,DeepLabV3-MobileNet-V3-Large,250,0.0032765145164458352,0,0,0,0,0
MVI_9332.MP4,DeepLabV3-MobileNet-V3-Large,251,0.0033360237937895844,0,0,0,0,0
MVI_9332.MP4,DeepLabV3-MobileNet-V3-Large,252,0.0034068107604980466,0,0,0,0,0
MVI_9332.MP4,DeepLabV3-MobileNet-V3-Large,253,0.0034682077635462883,0,0,0,0,0
MVI_9332.MP4,DeepLabV3-MobileNet-V3-Large,254,0.003492378501735107,0,0,0,0,0
MVI_9332.MP4,DeepLabV3-MobileNet-V3-Large,255,0.0035859437636387203,0,0,0,0,0
MVI_9332.MP4,DeepLabV3-MobileNet-V3-Large,256,0.0037396038510671857,0,0,0,0,0
MVI_9332.MP4,DeepLabV3-MobileNet-V3-Large,257,0.0038627357639893587,0,0,0,0,0
MVI_9332.MP4,DeepLabV3-MobileNet-V3-Large,258,0.004011992466302566,0,0,0,0,0
MVI_9332.MP4,DeepLabV3-MobileNet-V3-Large,259,0.00408586611963594,0,0,0,0,0
MVI_9332.MP4,DeepLabV3-MobileNet-V3-Large,260,0.004311780576352719,0,0,0,0,0
MVI_9332.MP4,DeepLabV3-MobileNet-V3-Large,261,0.0045084011407546054,0,0,0,0,0
MVI_9332.MP4,DeepLabV3-MobileNet-V3-Large,262,0.004709180196126301,0,0,0,0,0
MVI_9332.MP4,DeepLabV3-MobileNet-V3-Large,263,0.004949512795656306,0,0,0,0,0
MVI_9332.MP4,DeepLabV3-MobileNet-V3-Large,264,0.005123311109503601,0,0,0,0,0
MVI_9332.MP4,DeepLabV3-MobileNet-V3-Large,265,0.005356294137460214,0,0,0,0,0
MVI_9332.MP4,DeepLabV3-MobileNet-V3-Large,266,0.00542321931187508,0,0,0,0,0
MVI_9332.MP4,DeepLabV3-MobileNet-V3-Large,267,0.005512184959380224,0,0,0,0,0
MVI_9332.MP4,DeepLabV3-MobileNet-V3-Large,268,0.005539803053616496,0,0,0,0,0
MVI_9332.MP4,DeepLabV3-MobileNet-V3-Large,269,0.005545519212636438,0,0,0,0,0
MVI_9332.MP4,DeepLabV3-MobileNet-V3-Large,270,0.005554168214523252,0,0,0,0,0
MVI_9332.MP4,DeepLabV3-MobileNet-V3-Large,271,0.0055789723808382765,0,0,0,0,0
MVI_9332.MP4,DeepLabV3-MobileNet-V3-Large,272,0.00560256110297309,0,0,0,0,0
MVI_9332.MP4,DeepLabV3-MobileNet-V3-Large,273,0.0056607968522688,0,0,0,0,0
MVI_9332.MP4,DeepLabV3-MobileNet-V3-Large,274,0.005741018915372621,0,0,0,0,0
MVI_9332.MP4,DeepLabV3-MobileNet-V3-Large,275,0.005727994392928763,0,0,0,0,0
MVI_9332.MP4,DeepLabV3-MobileNet-V3-Large,276,0.005653714544979142,0,0,0,0,0
MVI_9332.MP4,DeepLabV3-MobileNet-V3-Large,277,0.005778045418821735,0,0,0,0,0
MVI_9332.MP4,DeepLabV3-MobileNet-V3-Large,278,0.005869865417480469,0,0,0,0,0
MVI_9332.MP4,DeepLabV3-MobileNet-V3-Large,279,0.0057947975127294726,0,0,0,0,0
MVI_9332.MP4,DeepLabV3-MobileNet-V3-Large,280,0.0058149592866622865,0,0,0,0,0
MVI_9332.MP4,DeepLabV3-MobileNet-V3-Large,281,0.005772599663754059,0,0,0,0,0
MVI_9332.MP4,DeepLabV3-MobileNet-V3-Large,282,0.005717588354040076,0,0,0,0,0
MVI_9332.MP4,DeepLabV3-MobileNet-V3-Large,283,0.005675955564396862,0,0,0,0,0
MVI_9332.MP4,DeepLabV3-MobileNet-V3-Large,284,0.005641817948455182,0,0,0,0,0
MVI_9332.MP4,DeepLabV3-MobileNet-V3-Large,285,0.005544009424531411,0,0,0,0,0
MVI_9332.MP4,DeepLabV3-MobileNet-V3-Large,286,0.0053734033686633955,0,0,0,0,0
MVI_9332.MP4,DeepLabV3-MobileNet-V3-Large,287,0.00526379636285727,0,0,0,0,0
MVI_9332.MP4,DeepLabV3-MobileNet-V3-Large,288,0.005078030025026926,0,0,0,0,0
MVI_9332.MP4,DeepLabV3-MobileNet-V3-Large,289,0.004993539975013262,0,0,0,0,0
MVI_9332.MP4,DeepLabV3-MobileNet-V3-Large,290,0.0047884101239742075,0,0,0,0,0
MVI_9332.MP4,DeepLabV3-MobileNet-V3-Large,291,0.004583690392137065,0,0,0,0,0
MVI_9332.MP4,DeepLabV3-MobileNet-V3-Large,292,0.004375790568536201,0,0,0,0,0
MVI_9332.MP4,DeepLabV3-MobileNet-V3-Large,293,0.004094483332378874,0,0,0,0,0
MVI_9332.MP4,DeepLabV3-MobileNet-V3-Large,294,0.003908591407807275,0,0,0,0,0
MVI_9332.MP4,DeepLabV3-MobileNet-V3-Large,295,0.0037041652349778164,0,0,0,0,0
MVI_9332.MP4,DeepLabV3-MobileNet-V3-Large,296,0.003607359050232687,0,0,0,0,0
MVI_9332.MP4,DeepLabV3-MobileNet-V3-Large,297,0.0035191100320698305,0,0,0,0,0
MVI_9332.MP4,DeepLabV3-MobileNet-V3-Large,298,0.00347277205667378,0,0,0,0,0
MVI_9332.MP4,DeepLabV3-MobileNet-V3-Large,299,0.00342693093382282,0,0,0,0,0
MVI_9332.MP4,DeepLabV3-MobileNet-V3-Large,300,0.003425146424721298,0,0,0,0,0
MVI_9332.MP4,DeepLabV3-MobileNet-V3-Large,301,0.0034133373464576506,0,0,0,0,0
MVI_9332.MP4,DeepLabV3-MobileNet-V3-Large,302,0.0033871599676187146,0,0,0,0,0
MVI_9332.MP4,DeepLabV3-MobileNet-V3-Large,303,0.003356162020208414,0,0,0,0,0
MVI_9332.MP4,DeepLabV3-MobileNet-V3-Large,304,0.0032858899591390977,0,0,0,0,0
MVI_9332.MP4,DeepLabV3-MobileNet-V3-Large,305,0.00323621745953344,0,0,0,0,0
MVI_9332.MP4,DeepLabV3-MobileNet-V3-Large,306,0.0031338330649544675,0,0,0,0,0
MVI_9332.MP4,DeepLabV3-MobileNet-V3-Large,307,0.003142336857171706,0,0,0,0,0
MVI_9332.MP4,DeepLabV3-MobileNet-V3-Large,308,0.0030873724462564104,0,0,0,0,0
MVI_9332.MP4,DeepLabV3-MobileNet-V3-Large,309,0.0030566657031023945,0,0,0,0,0
MVI_9332.MP4,DeepLabV3-MobileNet-V3-Large,310,0.003050230363759484,0,0,0,0,0
MVI_9332.MP4,DeepLabV3-MobileNet-V3-Large,311,0.00304065869178301,0,0,0,0,0
MVI_9332.MP4,DeepLabV3-MobileNet-V3-Large,312,0.003041184586262016,0,0,0,0,0
MVI_9332.MP4,DeepLabV3-MobileNet-V3-Large,313,0.003046129171740371,0,0,0,0,0
MVI_9332.MP4,DeepLabV3-MobileNet-V3-Large,314,0.0030706884439099472,0,0,0,0,0
MVI_9332.MP4,DeepLabV3-MobileNet-V3-Large,315,0.0031550774358427573,0,0,0,0,0
MVI_9332.MP4,DeepLabV3-MobileNet-V3-Large,316,0.0032487298235481165,0,0,0,0,0
MVI_9332.MP4,DeepLabV3-MobileNet-V3-Large,317,0.00331473880343967,0,0,0,0,0
MVI_9332.MP4,DeepLabV3-MobileNet-V3-Large,318,0.0034754690319422337,0,0,0,0,0
MVI_9332.MP4,DeepLabV3-MobileNet-V3-Large,319,0.0035171249766408658,0,0,0,0,0
MVI_9332.MP4,DeepLabV3-MobileNet-V3-Large,320,0.003737155694529843,0,0,0,0,0
MVI_9332.MP4,DeepLabV3-MobileNet-V3-Large,321,0.004039686305042156,0,0,0,0,0
MVI_9332.MP4,DeepLabV3-MobileNet-V3-Large,322,0.0041332602010342315,0,0,0,0,0
MVI_9332.MP4,DeepLabV3-MobileNet-V3-Large,323,0.004260253513791434,0,0,0,0,0
MVI_9332.MP4,DeepLabV3-MobileNet-V3-Large,324,0.0044000327341841075,0,0,0,0,0
MVI_9332.MP4,DeepLabV3-MobileNet-V3-Large,325,0.004455724567052268,0,0,0,0,0
MVI_9332.MP4,DeepLabV3-MobileNet-V3-Large,326,0.004520399384047268,0,0,0,0,0
MVI_9332.MP4,DeepLabV3-MobileNet-V3-Large,327,0.004641684386955857,0,0,0,0,0
MVI_9332.MP4,DeepLabV3-MobileNet-V3-Large,328,0.0047370416146737555,0,0,0,0,0
MVI_9332.MP4,DeepLabV3-MobileNet-V3-Large,329,0.0048307791658880285,0,0,0,0,0
MVI_9332.MP4,DeepLabV3-MobileNet-V3-Large,330,0.004939673466937532,0,0,0,0,0
MVI_9332.MP4,DeepLabV3-MobileNet-V3-Large,331,0.0050565040651172274,0,0,0,0,0
MVI_9332.MP4,DeepLabV3-MobileNet-V3-Large,332,0.005077526893144772,0,0,0,0,0
MVI_9332.MP4,DeepLabV3-MobileNet-V3-Large,333,0.005108269350028332,0,0,0,0,0
MVI_9332.MP4,DeepLabV3-MobileNet-V3-Large,334,0.005207160667136864,0,0,0,0,0
MVI_9332.MP4,DeepLabV3-MobileNet-V3-Large,335,0.005341783374425315,0,0,0,0,0
MVI_9332.MP4,DeepLabV3-MobileNet-V3-Large,336,0.005447867672139234,0,0,0,0,0
MVI_9332.MP4,DeepLabV3-MobileNet-V3-Large,337,0.005386767367767208,0,0,0,0,0
MVI_9332.MP4,DeepLabV3-MobileNet-V3-Large,338,0.0054029621705106255,0,0,0,0,0
MVI_9332.MP4,DeepLabV3-MobileNet-V3-Large,339,0.005479866781352478,0,0,0,0,0
MVI_9332.MP4,DeepLabV3-MobileNet-V3-Large,340,0.005579287132608547,0,0,0,0,0
MVI_9332.MP4,DeepLabV3-MobileNet-V3-Large,341,0.005706010826330616,0,0,0,0,0
MVI_9332.MP4,DeepLabV3-MobileNet-V3-Large,342,0.0058283825470096294,0,0,0,0,0
MVI_9332.MP4,DeepLabV3-MobileNet-V3-Large,343,0.005922672679885424,0,0,0,0,0
MVI_9332.MP4,DeepLabV3-MobileNet-V3-Large,344,0.006202550189485275,0,0,0,0,0
MVI_9332.MP4,DeepLabV3-MobileNet-V3-Large,345,0.006730521559224698,0,0,0,0,0
MVI_9332.MP4,DeepLabV3-MobileNet-V3-Large,346,0.006976319929209267,0,0,0,0,0
MVI_9332.MP4,DeepLabV3-MobileNet-V3-Large,347,0.007156260612079636,0,0,0,0,0
MVI_9332.MP4,DeepLabV3-MobileNet-V3-Large,348,0.007255125634464216,0,0,0,0,0
MVI_9332.MP4,DeepLabV3-MobileNet-V3-Large,349,0.007515046233502926,0,0,0,0,0
MVI_9332.MP4,DeepLabV3-MobileNet-V3-Large,350,0.007643331519860789,0,0,0,0,0
MVI_9332.MP4,DeepLabV3-MobileNet-V3-Large,351,0.00788193219973717,0,0,0,0,0
MVI_9332.MP4,DeepLabV3-MobileNet-V3-Large,352,0.008472542311428997,0,0,0,0,0
MVI_9332.MP4,DeepLabV3-MobileNet-V3-Large,353,0.00907442383314847,0,0,0,0,0
MVI_9332.MP4,DeepLabV3-MobileNet-V3-Large,354,0.009520412963113668,0,0,0,0,0
MVI_9332.MP4,DeepLabV3-MobileNet-V3-Large,355,0.010261619630664465,0,0,0,0,0
MVI_9332.MP4,DeepLabV3-MobileNet-V3-Large,356,0.011009534984949684,0,0,0,0,0
MVI_9332.MP4,DeepLabV3-MobileNet-V3-Large,357,0.011446123947331934,0,0,0,0,0
MVI_9332.MP4,DeepLabV3-MobileNet-V3-Large,358,0.012233893469037343,0,0,0,0,0
MVI_9332.MP4,DeepLabV3-MobileNet-V3-Large,359,0.012726321436250162,0,0,0,0,0
MVI_9332.MP4,DeepLabV3-MobileNet-V3-Large,360,0.012824178625036169,0,0,0,0,0
MVI_9332.MP4,DeepLabV3-MobileNet-V3-Large,361,0.012972513834635418,0,0,0,0,0
MVI_9332.MP4,DeepLabV3-MobileNet-V3-Large,362,0.013161977917078592,0,0,0,0,0
MVI_9332.MP4,DeepLabV3-MobileNet-V3-Large,363,0.013444186238104422,0,0,0,0,0
MVI_9332.MP4,DeepLabV3-MobileNet-V3-Large,364,0.013517502207814908,0,0,0,0,0
MVI_9332.MP4,DeepLabV3-MobileNet-V3-Large,365,0.013488697318873779,0,0,0,0,0
MVI_9332.MP4,DeepLabV3-MobileNet-V3-Large,366,0.013455057340394323,0,0,0,0,0
MVI_9332.MP4,DeepLabV3-MobileNet-V3-Large,367,0.013564399436668113,0,0,0,0,0
MVI_9332.MP4,DeepLabV3-MobileNet-V3-Large,368,0.013519769048494565,0,0,0,0,0
MVI_9332.MP4,DeepLabV3-MobileNet-V3-Large,369,0.01348674444504726,0,0,0,0,0
MVI_9332.MP4,DeepLabV3-MobileNet-V3-Large,370,0.01335894266764323,0,0,0,0,0
MVI_9332.MP4,DeepLabV3-MobileNet-V3-Large,371,0.013298044086974345,0,0,0,0,0
MVI_9332.MP4,DeepLabV3-MobileNet-V3-Large,372,0.013116396209340037,0,0,0,0,0
MVI_9332.MP4,DeepLabV3-MobileNet-V3-Large,373,0.013128529458379548,0,0,0,0,0
MVI_9332.MP4,DeepLabV3-MobileNet-V3-Large,374,0.013190510439774625,0,0,0,0,0
MVI_9332.MP4,DeepLabV3-MobileNet-V3-Large,375,0.012791015091256349,0,0,0,0,0
MVI_9332.MP4,DeepLabV3-MobileNet-V3-Large,376,0.012509613665043082,0,0,0,0,0
MVI_9332.MP4,DeepLabV3-MobileNet-V3-Large,377,0.01241302490234375,0,0,0,0,0
MVI_9332.MP4,DeepLabV3-MobileNet-V3-Large,378,0.01234875353275503,0,0,0,0,0
MVI_9332.MP4,DeepLabV3-MobileNet-V3-Large,379,0.012162024886519822,0,0,0,0,0
MVI_9332.MP4,DeepLabV3-MobileNet-V3-Large,380,0.011882858904300892,0,0,0,0,0
MVI_9332.MP4,DeepLabV3-MobileNet-V3-Large,381,0.011456262721936889,0,0,0,0,0
MVI_9332.MP4,DeepLabV3-MobileNet-V3-Large,382,0.010884615423257459,0,0,0,0,0
MVI_9332.MP4,DeepLabV3-MobileNet-V3-Large,383,0.010447974656344441,0,0,0,0,0
MVI_9332.MP4,DeepLabV3-MobileNet-V3-Large,384,0.010039360925493908,0,0,0,0,0
MVI_9332.MP4,DeepLabV3-MobileNet-V3-Large,385,0.00955754503791715,0,0,0,0,0
MVI_9332.MP4,DeepLabV3-MobileNet-V3-Large,386,0.009039531126924993,0,0,0,0,0
MVI_9332.MP4,DeepLabV3-MobileNet-V3-Large,387,0.008882371094001173,0,0,0,0,0
MVI_9332.MP4,DeepLabV3-MobileNet-V3-Large,388,0.008251949200414336,0,0,0,0,0
MVI_9332.MP4,DeepLabV3-MobileNet-V3-Large,389,0.008310296800401474,0,0,0,0,0
MVI_9332.MP4,DeepLabV3-MobileNet-V3-Large,390,0.00871864836892964,0,0,0,0,0
MVI_9332.MP4,DeepLabV3-MobileNet-V3-Large,391,0.008744128348896043,0,0,0,0,0
MVI_9332.MP4,DeepLabV3-MobileNet-V3-Large,392,0.008817167242858635,0,0,0,0,0
MVI_9332.MP4,DeepLabV3-MobileNet-V3-Large,393,0.00867208316002363,0,0,0,0,0
MVI_9332.MP4,DeepLabV3-MobileNet-V3-Large,394,0.008779312259375805,0,0,0,0,0
MVI_9332.MP4,DeepLabV3-MobileNet-V3-Large,395,0.008871284924416875,0,0,0,0,0
MVI_9332.MP4,DeepLabV3-MobileNet-V3-Large,396,0.008953431211871865,0,0,0,0,0
MVI_9332.MP4,DeepLabV3-MobileNet-V3-Large,397,0.008882904052734376,0,0,0,0,0
MVI_9332.MP4,DeepLabV3-MobileNet-V3-Large,398,0.008964584099412455,0,0,0,0,0
MVI_9332.MP4,DeepLabV3-MobileNet-V3-Large,399,0.008944477662137506,0,0,0,0,0
MVI_9332.MP4,DeepLabV3-MobileNet-V3-Large,400,0.009071111482847864,0,0,0,0,0
MVI_9332.MP4,DeepLabV3-MobileNet-V3-Large,401,0.009236213307321807,0,0,0,0,0
MVI_9332.MP4,DeepLabV3-MobileNet-V3-Large,402,0.009542481693220728,0,0,0,0,0
MVI_9332.MP4,DeepLabV3-MobileNet-V3-Large,403,0.00977390509083438,0,0,0,0,0
MVI_9332.MP4,DeepLabV3-MobileNet-V3-Large,404,0.009669810165593653,0,0,0,0,0
MVI_9332.MP4,DeepLabV3-MobileNet-V3-Large,405,0.009642031163345149,0,0,0,0,0
MVI_9332.MP4,DeepLabV3-MobileNet-V3-Large,406,0.009786118401421441,0,0,0,0,0
MVI_9332.MP4,DeepLabV3-MobileNet-V3-Large,407,0.009686629369916249,0,0,0,0,0
MVI_9332.MP4,DeepLabV3-MobileNet-V3-Large,408,0.009706029381771638,0,0,0,0,0
MVI_9332.MP4,DeepLabV3-MobileNet-V3-Large,409,0.009744300371334877,0,0,0,0,0
MVI_9332.MP4,DeepLabV3-MobileNet-V3-Large,410,0.00986302222734616,0,0,0,0,0
MVI_9332.MP4,DeepLabV3-MobileNet-V3-Large,411,0.00996198065486955,0,0,0,0,0
MVI_9332.MP4,DeepLabV3-MobileNet-V3-Large,412,0.010182507832845054,0,0,0,0,0
MVI_9332.MP4,DeepLabV3-MobileNet-V3-Large,413,0.01034039312919962,0,0,0,0,0
MVI_9332.MP4,DeepLabV3-MobileNet-V3-Large,414,0.010488820174103412,0,0,0,0,0
MVI_9332.MP4,DeepLabV3-MobileNet-V3-Large,415,0.010561100053198545,0,0,0,0,0
MVI_9332.MP4,DeepLabV3-MobileNet-V3-Large,416,0.010477008741088364,0,0,0,0,0
MVI_9332.MP4,DeepLabV3-MobileNet-V3-Large,417,0.010210359047469779,0,0,0,0,0
MVI_9332.MP4,DeepLabV3-MobileNet-V3-Large,418,0.010199629230263792,0,0,0,0,0
MVI_9332.MP4,DeepLabV3-MobileNet-V3-Large,419,0.009635724354182742,0,0,0,0,0
MVI_9332.MP4,DeepLabV3-MobileNet-V3-Large,420,0.009050378681700907,0,0,0,0,0
MVI_9332.MP4,DeepLabV3-MobileNet-V3-Large,421,0.00885716740486553,0,0,0,0,0
MVI_9332.MP4,DeepLabV3-MobileNet-V3-Large,422,0.008623016420215247,0,0,0,0,0
MVI_9332.MP4,DeepLabV3-MobileNet-V3-Large,423,0.008522404172292952,0,0,0,0,0
MVI_9332.MP4,DeepLabV3-MobileNet-V3-Large,424,0.008454716058424962,0,0,0,0,0
MVI_9332.MP4,DeepLabV3-MobileNet-V3-Large,425,0.008280012342664931,0,0,0,0,0
MVI_9332.MP4,DeepLabV3-MobileNet-V3-Large,426,0.008131694401242605,0,0,0,0,0
MVI_9332.MP4,DeepLabV3-MobileNet-V3-Large,427,0.00801689320630988,0,0,0,0,0
MVI_9332.MP4,DeepLabV3-MobileNet-V3-Large,428,0.00796884057943713,0,0,0,0,0
MVI_9332.MP4,DeepLabV3-MobileNet-V3-Large,429,0.008020565048657327,0,0,0,0,0
MVI_9332.MP4,DeepLabV3-MobileNet-V3-Large,430,0.007980858445658115,0,0,0,0,0
MVI_9332.MP4,DeepLabV3-MobileNet-V3-Large,431,0.007704062913180379,0,0,0,0,0
MVI_9332.MP4,DeepLabV3-MobileNet-V3-Large,432,0.007359434057165075,0,0,0,0,0
MVI_9332.MP4,DeepLabV3-MobileNet-V3-Large,433,0.006944927953398277,0,0,0,0,0
MVI_9332.MP4,DeepLabV3-MobileNet-V3-Large,434,0.006627836345154563,0,0,0,0,0
MVI_9332.MP4,DeepLabV3-MobileNet-V3-Large,435,0.006402070630234454,0,0,0,0,0
MVI_9332.MP4,DeepLabV3-MobileNet-V3-Large,436,0.006173673088167921,0,0,0,0,0
MVI_9332.MP4,DeepLabV3-MobileNet-V3-Large,437,0.006101043920948672,0,0,0,0,0
MVI_9332.MP4,DeepLabV3-MobileNet-V3-Large,438,0.009822090368702577,0,0,0,0,0
MVI_9332.MP4,DeepLabV3-MobileNet-V3-Large,439,0.009603129100407103,0,0,0,0,0
MVI_9332.MP4,DeepLabV3-MobileNet-V3-Large,440,0.00938198654739945,0,0,0,0,0
MVI_9332.MP4,DeepLabV3-MobileNet-V3-Large,441,0.009135046122986592,0,0,0,0,0
MVI_9332.MP4,DeepLabV3-MobileNet-V3-Large,442,0.008774014068729102,0,0,0,0,0
MVI_9332.MP4,DeepLabV3-MobileNet-V3-Large,443,0.008458025269057035,0,0,0,0,0
MVI_9332.MP4,DeepLabV3-MobileNet-V3-Large,444,0.008134349775903018,0,0,0,0,0
MVI_9332.MP4,DeepLabV3-MobileNet-V3-Large,445,0.007790800180945376,0,0,0,0,0
MVI_9332.MP4,DeepLabV3-MobileNet-V3-Large,446,0.007625998979733314,0,0,0,0,0
MVI_9332.MP4,DeepLabV3-MobileNet-V3-Large,447,0.00755846156995483,0,0,0,0,0
MVI_9332.MP4,DeepLabV3-MobileNet-V3-Large,448,0.007519405663258744,0,0,0,0,0
MVI_9332.MP4,DeepLabV3-MobileNet-V3-Large,449,0.007591097639421377,0,0,0,0,0
MVI_9332.MP4,DeepLabV3-MobileNet-V3-Large,450,0.00776622442551601,0,0,0,0,0
MVI_9332.MP4,DeepLabV3-MobileNet-V3-Large,451,0.007940344947846338,0,0,0,0,0
MVI_9332.MP4,DeepLabV3-MobileNet-V3-Large,452,0.007953983667946647,0,0,0,0,0
MVI_9332.MP4,DeepLabV3-MobileNet-V3-Large,453,0.008164239420321743,0,0,0,0,0
MVI_9332.MP4,DeepLabV3-MobileNet-V3-Large,454,0.008262081695682226,0,0,0,0,0
MVI_9332.MP4,DeepLabV3-MobileNet-V3-Large,455,0.008441078123241786,0,0,0,0,0
MVI_9332.MP4,DeepLabV3-MobileNet-V3-Large,456,0.00872293087680644,0,0,0,0,0
MVI_9332.MP4,DeepLabV3-MobileNet-V3-Large,457,0.008867686079362783,0,0,0,0,0
MVI_9332.MP4,DeepLabV3-MobileNet-V3-Large,458,0.009069945095988458,0,0,0,0,0
MVI_9332.MP4,DeepLabV3-MobileNet-V3-Large,459,0.009000412426858282,0,0,0,0,0
MVI_9332.MP4,DeepLabV3-MobileNet-V3-Large,460,0.008974481119540493,0,0,0,0,0
MVI_9332.MP4,DeepLabV3-MobileNet-V3-Large,461,0.00900426950964908,0,0,0,0,0
MVI_9332.MP4,DeepLabV3-MobileNet-V3-Large,462,0.009058756102259757,0,0,0,0,0
MVI_9332.MP4,DeepLabV3-MobileNet-V3-Large,463,0.009105538733211566,0,0,0,0,0
MVI_9332.MP4,DeepLabV3-MobileNet-V3-Large,464,0.009220015757368426,0,0,0,0,0
MVI_9332.MP4,DeepLabV3-MobileNet-V3-Large,465,0.009300826115863314,0,0,0,0,0
MVI_9332.MP4,DeepLabV3-MobileNet-V3-Large,466,0.009314797640827948,0,0,0,0,0
MVI_9332.MP4,DeepLabV3-MobileNet-V3-Large,467,0.009371416068371432,0,0,0,0,0
MVI_9332.MP4,DeepLabV3-MobileNet-V3-Large,468,0.005451488494873046,0,0,0,0,0
MVI_9332.MP4,DeepLabV3-MobileNet-V3-Large,469,0.005521322964640802,0,0,0,0,0
MVI_9332.MP4,DeepLabV3-MobileNet-V3-Large,470,0.005569305733888728,0,0,0,0,0
MVI_9332.MP4,DeepLabV3-MobileNet-V3-Large,471,0.005636240719767756,0,0,0,0,0
MVI_9332.MP4,DeepLabV3-MobileNet-V3-Large,472,0.005747451311276283,0,0,0,0,0
MVI_9332.MP4,DeepLabV3-MobileNet-V3-Large,473,0.005714096650174616,0,0,0,0,0
MVI_9332.MP4,DeepLabV3-MobileNet-V3-Large,474,0.0057546301633732795,0,0,0,0,0
MVI_9332.MP4,DeepLabV3-MobileNet-V3-Large,475,0.005763353732387715,0,0,0,0,0
MVI_9332.MP4,DeepLabV3-MobileNet-V3-Large,476,0.005820612259853034,0,0,0,0,0
MVI_9332.MP4,DeepLabV3-MobileNet-V3-Large,477,0.005835096728163983,0,0,0,0,0
MVI_9332.MP4,DeepLabV3-MobileNet-V3-Large,478,0.005746457998644669,0,0,0,0,0
MVI_9332.MP4,DeepLabV3-MobileNet-V3-Large,479,0.005676310346940908,0,0,0,0,0
MVI_9332.MP4,DeepLabV3-MobileNet-V3-Large,480,0.00562924161369418,0,0,0,0,0
MVI_9332.MP4,DeepLabV3-MobileNet-V3-Large,481,0.005443160131635,0,0,0,0,0
MVI_9332.MP4,DeepLabV3-MobileNet-V3-Large,482,0.005421688723466033,0,0,0,0,0
MVI_9332.MP4,DeepLabV3-MobileNet-V3-Large,483,0.005223792668723275,0,0,0,0,0
MVI_9332.MP4,DeepLabV3-MobileNet-V3-Large,484,0.004995107454527553,0,0,0,0,0
MVI_9332.MP4,DeepLabV3-MobileNet-V3-Large,485,0.004818689087290823,0,0,0,0,0
MVI_9332.MP4,DeepLabV3-MobileNet-V3-Large,486,0.004636862641008793,0,0,0,0,0
MVI_9332.MP4,DeepLabV3-MobileNet-V3-Large,487,0.004462386943675853,0,0,0,0,0
MVI_9332.MP4,DeepLabV3-MobileNet-V3-Large,488,0.004181115813706638,0,0,0,0,0
MVI_9332.MP4,DeepLabV3-MobileNet-V3-Large,489,0.004170747450840326,0,0,0,0,0
MVI_9332.MP4,DeepLabV3-MobileNet-V3-Large,490,0.004150228147153502,0,0,0,0,0
MVI_9332.MP4,DeepLabV3-MobileNet-V3-Large,491,0.004190924138198665,0,0,0,0,0
MVI_9332.MP4,DeepLabV3-MobileNet-V3-Large,492,0.004185687563546891,0,0,0,0,0
MVI_9332.MP4,DeepLabV3-MobileNet-V3-Large,493,0.004233347731853218,0,0,0,0,0
MVI_9332.MP4,DeepLabV3-MobileNet-V3-Large,494,0.004210838270776065,0,0,0,0,0
MVI_9332.MP4,DeepLabV3-MobileNet-V3-Large,495,0.004226157498457795,0,0,0,0,0
MVI_9332.MP4,DeepLabV3-MobileNet-V3-Large,496,0.004283715864267859,0,0,0,0,0
MVI_9332.MP4,DeepLabV3-MobileNet-V3-Large,497,0.004243622297122154,0,0,0,0,0
MVI_9332.MP4,DeepLabV3-MobileNet-V3-Large,498,0.004259114599031676,0,0,0,0,0
MVI_9332.MP4,DeepLabV3-MobileNet-V3-Large,499,0.004280728469660253,0,0,0,0,0
MVI_9332.MP4,DeepLabV3-MobileNet-V3-Large,500,0.004291517155651202,0,0,0,0,0
MVI_9332.MP4,DeepLabV3-MobileNet-V3-Large,501,0.00434874938839257,0,0,0,0,0
MVI_9332.MP4,DeepLabV3-MobileNet-V3-Large,502,0.0043248808432998975,0,0,0,0,0
MVI_9332.MP4,DeepLabV3-MobileNet-V3-Large,503,0.004310581222973733,0,0,0,0,0
MVI_9332.MP4,DeepLabV3-MobileNet-V3-Large,504,0.004287695394131382,0,0,0,0,0
MVI_9332.MP4,DeepLabV3-MobileNet-V3-Large,505,0.004248997017189308,0,0,0,0,0
MVI_9332.MP4,DeepLabV3-MobileNet-V3-Large,506,0.004174116707633062,0,0,0,0,0
MVI_9332.MP4,DeepLabV3-MobileNet-V3-Large,507,0.004112416726571542,0,0,0,0,0
MVI_9332.MP4,DeepLabV3-MobileNet-V3-Large,508,0.004004879154786161,0,0,0,0,0
MVI_9332.MP4,DeepLabV3-MobileNet-V3-Large,509,0.004017904854605718,0,0,0,0,0
MVI_9332.MP4,DeepLabV3-MobileNet-V3-Large,510,0.0039709318812491965,0,0,0,0,0
MVI_9332.MP4,DeepLabV3-MobileNet-V3-Large,511,0.003952087983182429,0,0,0,0,0
MVI_9332.MP4,DeepLabV3-MobileNet-V3-Large,512,0.003981243730081943,0,0,0,0,0
MVI_9332.MP4,DeepLabV3-MobileNet-V3-Large,513,0.003917641502348974,0,0,0,0,0
MVI_9332.MP4,DeepLabV3-MobileNet-V3-Large,514,0.0038211410428270884,0,0,0,0,0
MVI_9332.MP4,DeepLabV3-MobileNet-V3-Large,515,0.0037929715443049935,0,0,0,0,0
MVI_9332.MP4,DeepLabV3-MobileNet-V3-Large,516,0.003720740722530663,0,0,0,0,0
MVI_9332.MP4,DeepLabV3-MobileNet-V3-Large,517,0.0036958164638943147,0,0,0,0,0
MVI_9332.MP4,DeepLabV3-MobileNet-V3-Large,518,0.0036868244532204464,0,0,0,0,0
MVI_9332.MP4,DeepLabV3-MobileNet-V3-Large,519,0.003612519880381141,0,0,0,0,0
MVI_9332.MP4,DeepLabV3-MobileNet-V3-Large,520,0.003523917649508504,0,0,0,0,0
MVI_9332.MP4,DeepLabV3-MobileNet-V3-Large,521,0.0034520310138969265,0,0,0,0,0
MVI_9332.MP4,DeepLabV3-MobileNet-V3-Large,522,0.0034649801842960314,0,0,0,0,0
MVI_9332.MP4,DeepLabV3-MobileNet-V3-Large,523,0.00345738493366006,0,0,0,0,0
MVI_9332.MP4,DeepLabV3-MobileNet-V3-Large,524,0.0034105493208017854,0,0,0,0,0
MVI_9332.MP4,DeepLabV3-MobileNet-V3-Large,525,0.0033410276405114693,0,0,0,0,0
MVI_9332.MP4,DeepLabV3-MobileNet-V3-Large,526,0.003256110399348255,0,0,0,0,0
MVI_9332.MP4,DeepLabV3-MobileNet-V3-Large,527,0.003207440435150523,0,0,0,0,0
MVI_9332.MP4,DeepLabV3-MobileNet-V3-Large,528,0.0032110306461161546,0,0,0,0,0
MVI_9332.MP4,DeepLabV3-MobileNet-V3-Large,529,0.00310865841775274,0,0,0,0,0
MVI_9332.MP4,DeepLabV3-MobileNet-V3-Large,530,0.003042720669090993,0,0,0,0,0
MVI_9332.MP4,DeepLabV3-MobileNet-V3-Large,531,0.0029688546686996646,0,0,0,0,0
MVI_9332.MP4,DeepLabV3-MobileNet-V3-Large,532,0.002890977349300934,0,0,0,0,0
MVI_9332.MP4,DeepLabV3-MobileNet-V3-Large,533,0.002898196232171706,0,0,0,0,0
MVI_9332.MP4,DeepLabV3-MobileNet-V3-Large,534,0.0028680255874194236,0,0,0,0,0
MVI_9332.MP4,DeepLabV3-MobileNet-V3-Large,535,0.0028614130530337737,0,0,0,0,0
MVI_9332.MP4,DeepLabV3-MobileNet-V3-Large,536,0.002884800640153296,0,0,0,0,0
MVI_9332.MP4,DeepLabV3-MobileNet-V3-Large,537,0.00289931473908601,0,0,0,0,0
MVI_9332.MP4,DeepLabV3-MobileNet-V3-Large,538,0.0028983695026287815,0,0,0,0,0
MVI_9332.MP4,DeepLabV3-MobileNet-V3-Large,539,0.0028191633185241445,0,0,0,0,0
MVI_9332.MP4,DeepLabV3-MobileNet-V3-Large,540,0.0026905554312246817,0,0,0,0,0
MVI_9332.MP4,DeepLabV3-MobileNet-V3-Large,541,0.0027113239461011847,0,0,0,0,0
MVI_9332.MP4,DeepLabV3-MobileNet-V3-Large,542,0.0027165461960152832,0,0,0,0,0
MVI_9332.MP4,DeepLabV3-MobileNet-V3-Large,543,0.002833863050358776,0,0,0,0,0
MVI_9332.MP4,DeepLabV3-MobileNet-V3-Large,544,0.0030163038905265402,0,0,0,0,0
MVI_9332.MP4,DeepLabV3-MobileNet-V3-Large,545,0.003036115002730256,0,0,0,0,0
MVI_9332.MP4,DeepLabV3-MobileNet-V3-Large,546,0.0030238420384410968,0,0,0,0,0
MVI_9332.MP4,DeepLabV3-MobileNet-V3-Large,547,0.003096483175646621,0,0,0,0,0
MVI_9332.MP4,DeepLabV3-MobileNet-V3-Large,548,0.003169713000701779,0,0,0,0,0
MVI_9332.MP4,DeepLabV3-MobileNet-V3-Large,549,0.0033286702976305298,0,0,0,0,0
MVI_9332.MP4,DeepLabV3-MobileNet-V3-Large,550,0.0034787849143699365,0,0,0,0,0
MVI_9332.MP4,DeepLabV3-MobileNet-V3-Large,551,0.0036101396191757893,0,0,0,0,0
MVI_9332.MP4,DeepLabV3-MobileNet-V3-Large,552,0.0037019019264252586,0,0,0,0,0
MVI_9332.MP4,DeepLabV3-MobileNet-V3-Large,553,0.0037699954499923645,0,0,0,0,0
MVI_9332.MP4,DeepLabV3-MobileNet-V3-Large,554,0.0038766272274064427,0,0,0,0,0
MVI_9332.MP4,DeepLabV3-MobileNet-V3-Large,555,0.003886790726901082,0,0,0,0,0
MVI_9332.MP4,DeepLabV3-MobileNet-V3-Large,556,0.004206706859447338,0,0,0,0,0
MVI_9332.MP4,DeepLabV3-MobileNet-V3-Large,557,0.004339180463626061,0,0,0,0,0
MVI_9332.MP4,DeepLabV3-MobileNet-V3-Large,558,0.004450283521487389,0,0,0,0,0
MVI_9332.MP4,DeepLabV3-MobileNet-V3-Large,559,0.0045662793602963036,0,0,0,0,0
MVI_9332.MP4,DeepLabV3-MobileNet-V3-Large,560,0.004752756440590439,0,0,0,0,0
MVI_9332.MP4,DeepLabV3-MobileNet-V3-Large,561,0.004757194754518109,0,0,0,0,0
MVI_9332.MP4,DeepLabV3-MobileNet-V3-Large,562,0.0047897696004482945,0,0,0,0,0
MVI_9332.MP4,DeepLabV3-MobileNet-V3-Large,563,0.004714459548761815,0,0,0,0,0
MVI_9332.MP4,DeepLabV3-MobileNet-V3-Large,564,0.004677546465838397,0,0,0,0,0
MVI_9332.MP4,DeepLabV3-MobileNet-V3-Large,565,0.004590906527797871,0,0,0,0,0
MVI_9332.MP4,DeepLabV3-MobileNet-V3-Large,566,0.004546435477802292,0,0,0,0,0
MVI_9332.MP4,DeepLabV3-MobileNet-V3-Large,567,0.004507279886630337,0,0,0,0,0
MVI_9332.MP4,DeepLabV3-MobileNet-V3-Large,568,0.004485596550835504,0,0,0,0,0
MVI_9332.MP4,DeepLabV3-MobileNet-V3-Large,569,0.004482533804183144,0,0,0,0,0
MVI_9332.MP4,DeepLabV3-MobileNet-V3-Large,570,0.004489493271941511,0,0,0,0,0
MVI_9332.MP4,DeepLabV3-MobileNet-V3-Large,571,0.004396520622473195,0,0,0,0,0
MVI_9332.MP4,DeepLabV3-MobileNet-V3-Large,572,0.004265254220844787,0,0,0,0,0
MVI_9332.MP4,DeepLabV3-MobileNet-V3-Large,573,0.004078924704971627,0,0,0,0,0
MVI_9332.MP4,DeepLabV3-MobileNet-V3-Large,574,0.0038428973759152764,0,0,0,0,0
MVI_9332.MP4,DeepLabV3-MobileNet-V3-Large,575,0.0037902561234839163,0,0,0,0,0
MVI_9332.MP4,DeepLabV3-MobileNet-V3-Large,576,0.0037752642062465836,0,0,0,0,0
MVI_9332.MP4,DeepLabV3-MobileNet-V3-Large,577,0.003784820572338968,0,0,0,0,0
MVI_9332.MP4,DeepLabV3-MobileNet-V3-Large,578,0.0038915783289528673,0,0,0,0,0
MVI_9332.MP4,DeepLabV3-MobileNet-V3-Large,579,0.003913282857510288,0,0,0,0,0
MVI_9332.MP4,DeepLabV3-MobileNet-V3-Large,580,0.003997821572386188,0,0,0,0,0
MVI_9332.MP4,DeepLabV3-MobileNet-V3-Large,581,0.0039384418063693576,0,0,0,0,0
MVI_9332.MP4,DeepLabV3-MobileNet-V3-Large,582,0.003976395689410927,0,0,0,0,0
MVI_9332.MP4,DeepLabV3-MobileNet-V3-Large,583,0.003937906492884757,0,0,0,0,0
MVI_9332.MP4,DeepLabV3-MobileNet-V3-Large,584,0.0038651383953329957,0,0,0,0,0
MVI_9332.MP4,DeepLabV3-MobileNet-V3-Large,585,0.003913459071406612,0,0,0,0,0
MVI_9332.MP4,DeepLabV3-MobileNet-V3-Large,586,0.003651269276936849,0,0,0,0,0
MVI_9332.MP4,DeepLabV3-MobileNet-V3-Large,587,0.0035815034874182175,0,0,0,0,0
MVI_9332.MP4,DeepLabV3-MobileNet-V3-Large,588,0.00351584987875856,0,0,0,0,0
MVI_9332.MP4,DeepLabV3-MobileNet-V3-Large,589,0.003521293279074838,0,0,0,0,0
MVI_9332.MP4,DeepLabV3-MobileNet-V3-Large,590,0.0034410001809704943,0,0,0,0,0
MVI_9332.MP4,DeepLabV3-MobileNet-V3-Large,591,0.0035417670575679577,0,0,0,0,0
MVI_9332.MP4,DeepLabV3-MobileNet-V3-Large,592,0.0035567487708825637,0,0,0,0,0
MVI_9332.MP4,DeepLabV3-MobileNet-V3-Large,593,0.0036538646054366,0,0,0,0,0
MVI_9332.MP4,DeepLabV3-MobileNet-V3-Large,594,0.003727856781257033,0,0,0,0,0
MVI_9332.MP4,DeepLabV3-MobileNet-V3-Large,595,0.0038916811530972702,0,0,0,0,0
MVI_9332.MP4,DeepLabV3-MobileNet-V3-Large,596,0.0039295773447295766,0,0,0,0,0
MVI_9332.MP4,DeepLabV3-MobileNet-V3-Large,597,0.003974056636355051,0,0,0,0,0
MVI_9332.MP4,DeepLabV3-MobileNet-V3-Large,598,0.004021852987783927,0,0,0,0,0
MVI_9332.MP4,DeepLabV3-MobileNet-V3-Large,599,0.0040600866937833555,0,0,0,0,0
MVI_9332.MP4,DeepLabV3-MobileNet-V3-Large,600,0.004140585832635071,0,0,0,0,0
MVI_9332.MP4,DeepLabV3-MobileNet-V3-Large,601,0.004270187817483282,0,0,0,0,0
MVI_9332.MP4,DeepLabV3-MobileNet-V3-Large,602,0.004339332737549833,0,0,0,0,0
MVI_9332.MP4,DeepLabV3-MobileNet-V3-Large,603,0.00439540996473022,0,0,0,0,0
MVI_9332.MP4,DeepLabV3-MobileNet-V3-Large,604,0.004444236519895954,0,0,0,0,0
MVI_9332.MP4,DeepLabV3-MobileNet-V3-Large,605,0.00448628256840961,0,0,0,0,0
MVI_9332.MP4,DeepLabV3-MobileNet-V3-Large,606,0.004471807126645689,0,0,0,0,0
MVI_9332.MP4,DeepLabV3-MobileNet-V3-Large,607,0.004444451587190353,0,0,0,0,0
MVI_9332.MP4,DeepLabV3-MobileNet-V3-Large,608,0.004340019932499638,0,0,0,0,0
MVI_9332.MP4,DeepLabV3-MobileNet-V3-Large,609,0.004209999194361055,0,0,0,0,0
MVI_9332.MP4,DeepLabV3-MobileNet-V3-Large,610,0.00408087483158818,0,0,0,0,0
MVI_9332.MP4,DeepLabV3-MobileNet-V3-Large,611,0.004045762348567508,0,0,0,0,0
MVI_9332.MP4,DeepLabV3-MobileNet-V3-Large,612,0.004045579462875555,0,0,0,0,0
MVI_9332.MP4,DeepLabV3-MobileNet-V3-Large,613,0.004000310152155872,0,0,0,0,0
MVI_9332.MP4,DeepLabV3-MobileNet-V3-Large,614,0.004010625533115716,0,0,0,0,0
MVI_9332.MP4,DeepLabV3-MobileNet-V3-Large,615,0.004007164048559872,0,0,0,0,0
MVI_9332.MP4,DeepLabV3-MobileNet-V3-Large,616,0.003999454200022505,0,0,0,0,0
MVI_9332.MP4,DeepLabV3-MobileNet-V3-Large,617,0.003977069540769475,0,0,0,0,0
MVI_9332.MP4,DeepLabV3-MobileNet-V3-Large,618,0.004004696661552774,0,0,0,0,0
MVI_9332.MP4,DeepLabV3-MobileNet-V3-Large,619,0.004010009765625,0,0,0,0,0
MVI_9332.MP4,DeepLabV3-MobileNet-V3-Large,620,0.00393095801396625,0,0,0,0,0
MVI_9332.MP4,DeepLabV3-MobileNet-V3-Large,621,0.003857976811412921,0,0,0,0,0
MVI_9332.MP4,DeepLabV3-MobileNet-V3-Large,622,0.0038951975818524143,0,0,0,0,0
MVI_9332.MP4,DeepLabV3-MobileNet-V3-Large,623,0.003829363834710769,0,0,0,0,0
MVI_9332.MP4,DeepLabV3-MobileNet-V3-Large,624,0.0038386764840334046,0,0,0,0,0
MVI_9332.MP4,DeepLabV3-MobileNet-V3-Large,625,0.003744601418452008,0,0,0,0,0
MVI_9332.MP4,DeepLabV3-MobileNet-V3-Large,626,0.003736708291764122,0,0,0,0,0
MVI_9332.MP4,DeepLabV3-MobileNet-V3-Large,627,0.003734904159734278,0,0,0,0,0
MVI_9332.MP4,DeepLabV3-MobileNet-V3-Large,628,0.003730927377080721,0,0,0,0,0
MVI_9332.MP4,DeepLabV3-MobileNet-V3-Large,629,0.0037465436958972324,0,0,0,0,0
MVI_9332.MP4,DeepLabV3-MobileNet-V3-Large,630,0.003768321614206573,0,0,0,0,0
MVI_9332.MP4,DeepLabV3-MobileNet-V3-Large,631,0.003754648357752419,0,0,0,0,0
MVI_9332.MP4,DeepLabV3-MobileNet-V3-Large,632,0.0037620077407899705,0,0,0,0,0
MVI_9332.MP4,DeepLabV3-MobileNet-V3-Large,633,0.003793137161820023,0,0,0,0,0
MVI_9332.MP4,DeepLabV3-MobileNet-V3-Large,634,0.0038431218622152702,0,0,0,0,0
MVI_9332.MP4,DeepLabV3-MobileNet-V3-Large,635,0.0038217564178592385,0,0,0,0,0
MVI_9332.MP4,DeepLabV3-MobileNet-V3-Large,636,0.0037983337056980214,0,0,0,0,0
MVI_9332.MP4,DeepLabV3-MobileNet-V3-Large,637,0.0037644606068301103,0,0,0,0,0
MVI_9332.MP4,DeepLabV3-MobileNet-V3-Large,638,0.0036720994078082805,0,0,0,0,0
MVI_9332.MP4,DeepLabV3-MobileNet-V3-Large,639,0.003641199575039585,0,0,0,0,0
MVI_9332.MP4,DeepLabV3-MobileNet-V3-Large,640,0.0036205401636445473,0,0,0,0,0
MVI_9332.MP4,DeepLabV3-MobileNet-V3-Large,641,0.003650643305523406,0,0,0,0,0
MVI_9332.MP4,DeepLabV3-MobileNet-V3-Large,642,0.0035166151729630834,0,0,0,0,0
MVI_9332.MP4,DeepLabV3-MobileNet-V3-Large,643,0.0035012158837338042,0,0,0,0,0
MVI_9332.MP4,DeepLabV3-MobileNet-V3-Large,644,0.003524398018793805,0,0,0,0,0
MVI_9332.MP4,DeepLabV3-MobileNet-V3-Large,645,0.00354733172758126,0,0,0,0,0
MVI_9332.MP4,DeepLabV3-MobileNet-V3-Large,646,0.0035231052602760094,0,0,0,0,0
MVI_9332.MP4,DeepLabV3-MobileNet-V3-Large,647,0.003513079906196751,0,0,0,0,0
MVI_9332.MP4,DeepLabV3-MobileNet-V3-Large,648,0.0034258277327926068,0,0,0,0,0
MVI_9332.MP4,DeepLabV3-MobileNet-V3-Large,649,0.00332791010538737,0,0,0,0,0
MVI_9332.MP4,DeepLabV3-MobileNet-V3-Large,650,0.0032893006203105904,0,0,0,0,0
MVI_9332.MP4,DeepLabV3-MobileNet-V3-Large,651,0.003264466430915236,0,0,0,0,0
MVI_9332.MP4,DeepLabV3-MobileNet-V3-Large,652,0.003204142017129027,0,0,0,0,0
MVI_9332.MP4,DeepLabV3-MobileNet-V3-Large,653,0.0031863012431580344,0,0,0,0,0
MVI_9332.MP4,DeepLabV3-MobileNet-V3-Large,654,0.003171450807233896,0,0,0,0,0
MVI_9332.MP4,DeepLabV3-MobileNet-V3-Large,655,0.003205543486669721,0,0,0,0,0
MVI_9332.MP4,DeepLabV3-MobileNet-V3-Large,656,0.0033112883077236854,0,0,0,0,0
MVI_9332.MP4,DeepLabV3-MobileNet-V3-Large,657,0.0035645029672379354,0,0,0,0,0
MVI_9332.MP4,DeepLabV3-MobileNet-V3-Large,658,0.0037629543508521813,0,0,0,0,0
MVI_9332.MP4,DeepLabV3-MobileNet-V3-Large,659,0.0038855058175546148,0,0,0,0,0
MVI_9332.MP4,DeepLabV3-MobileNet-V3-Large,660,0.003981447808536483,0,0,0,0,0
MVI_9332.MP4,DeepLabV3-MobileNet-V3-Large,661,0.0041381051020367154,0,0,0,0,0
MVI_9332.MP4,DeepLabV3-MobileNet-V3-Large,662,0.004213922602649579,0,0,0,0,0
MVI_9332.MP4,DeepLabV3-MobileNet-V3-Large,663,0.004338877485612782,0,0,0,0,0
MVI_9332.MP4,DeepLabV3-MobileNet-V3-Large,664,0.0044453554192688234,0,0,0,0,0
MVI_9332.MP4,DeepLabV3-MobileNet-V3-Large,665,0.004612866546882033,0,0,0,0,0
MVI_9332.MP4,DeepLabV3-MobileNet-V3-Large,666,0.004676100256021131,0,0,0,0,0
MVI_9332.MP4,DeepLabV3-MobileNet-V3-Large,667,0.004715558825206363,0,0,0,0,0
MVI_9332.MP4,DeepLabV3-MobileNet-V3-Large,668,0.004846026181193536,0,0,0,0,0
MVI_9332.MP4,DeepLabV3-MobileNet-V3-Large,669,0.004982316837389283,0,0,0,0,0
MVI_9332.MP4,DeepLabV3-MobileNet-V3-Large,670,0.005127264737101739,0,0,0,0,0
MVI_9332.MP4,DeepLabV3-MobileNet-V3-Large,671,0.005290910540294255,0,0,0,0,0
MVI_9332.MP4,DeepLabV3-MobileNet-V3-Large,672,0.005412795612350904,0,0,0,0,0
MVI_9332.MP4,DeepLabV3-MobileNet-V3-Large,673,0.005490983562704958,0,0,0,0,0
MVI_9332.MP4,DeepLabV3-MobileNet-V3-Large,674,0.005511239134235147,0,0,0,0,0
MVI_9332.MP4,DeepLabV3-MobileNet-V3-Large,675,0.005533589649592898,0,0,0,0,0
MVI_9332.MP4,DeepLabV3-MobileNet-V3-Large,676,0.005733407573935426,0,0,0,0,0
MVI_9332.MP4,DeepLabV3-MobileNet-V3-Large,677,0.005856242395722817,0,0,0,0,0
MVI_9332.MP4,DeepLabV3-MobileNet-V3-Large,678,0.006154614907723886,0,0,0,0,0
MVI_9332.MP4,DeepLabV3-MobileNet-V3-Large,679,0.0062113726580584495,0,0,0,0,0
MVI_9332.MP4,DeepLabV3-MobileNet-V3-Large,680,0.006310703136302807,0,0,0,0,0
MVI_9332.MP4,DeepLabV3-MobileNet-V3-Large,681,0.006581485026167253,0,0,0,0,0
MVI_9332.MP4,DeepLabV3-MobileNet-V3-Large,682,0.006812798927840872,0,0,0,0,0
MVI_9332.MP4,DeepLabV3-MobileNet-V3-Large,683,0.00706688602274828,0,0,0,0,0
MVI_9332.MP4,DeepLabV3-MobileNet-V3-Large,684,0.007315598790047101,0,0,0,0,0
MVI_9332.MP4,DeepLabV3-MobileNet-V3-Large,685,0.007365551701298465,0,0,0,0,0
MVI_9332.MP4,DeepLabV3-MobileNet-V3-Large,686,0.007387388880851338,0,0,0,0,0
MVI_9332.MP4,DeepLabV3-MobileNet-V3-Large,687,0.007228221814818834,0,0,0,0,0
MVI_9332.MP4,DeepLabV3-MobileNet-V3-Large,688,0.00711838522075135,0,0,0,0,0
MVI_9332.MP4,DeepLabV3-MobileNet-V3-Large,689,0.007106996858070908,0,0,0,0,0
MVI_9332.MP4,DeepLabV3-MobileNet-V3-Large,690,0.007123482472612044,0,0,0,0,0
MVI_9332.MP4,DeepLabV3-MobileNet-V3-Large,691,0.007052116237059541,0,0,0,0,0
MVI_9332.MP4,DeepLabV3-MobileNet-V3-Large,692,0.006923692020369165,0,0,0,0,0
MVI_9332.MP4,DeepLabV3-MobileNet-V3-Large,693,0.006736845636564026,0,0,0,0,0
